key,time,volume,price,midpoint,vwap,market_vwap,twap,market_twap
0.0,2021-02-01 08:17:15.099067478,46.0,188.06,188.03,188.06,188.03999999999996,188.06,188.04
0.0,2021-02-01 08:17:17.827996430,30.0,188.08,188.07,188.0678947368421,188.03999999999996,188.0776070628446,188.04
0.0,2021-02-01 08:17:17.828011556,23.0,188.08,188.07,188.07070707070707,188.03999999999996,188.07760710619434,188.04
0.0,2021-02-01 08:17:23.900387344,27.0,188.18,188.13,188.094126984127,188.05008403361344,188.08583767140658,188.07522201545035
0.0,2021-02-01 08:17:23.900483280,20.0,188.18,188.14,188.1058904109589,188.05008403361344,188.08584760544326,188.07522201545035
0.0,2021-02-01 08:17:23.928764936,20.0,188.2,188.16,188.11722891566265,188.05008403361344,188.08932356259757,188.07522201545035
0.0,2021-02-01 08:17:23.928780553,20.0,188.2,188.17,188.12612903225806,188.05008403361344,188.08932535004814,188.07522201545035
0.0,2021-02-01 08:17:30.357070017,20.0,188.26,188.24,188.13912621359222,188.05008403361344,188.14319002100683,188.07522201545035
0.0,2021-02-01 08:17:37.025475027,20.0,188.3,188.26,188.1533628318584,188.17174224343674,188.24539882571582,188.13365763128397
0.0,2021-02-01 08:17:37.025595573,20.0,188.3,188.25,188.16528455284552,188.17174224343674,188.24565481871892,188.13365763128397
0.0,2021-02-01 08:17:37.243496640,16.0,188.28,188.25,188.17229007633588,188.17174224343674,188.27638981784142,188.13365763128397
0.0,2021-02-01 08:17:37.243547851,4.0,188.28,188.24,188.1739097744361,188.17174224343674,188.2763905738322,188.13365763128397
0.0,2021-02-01 08:17:37.243769554,20.0,188.26,188.22,188.1799300699301,188.17174224343674,188.2763757141426,188.13365763128397
0.0,2021-02-01 08:17:38.211368142,20.0,188.24,188.22,188.18385620915035,188.17174224343674,188.2473200536756,188.13365763128397
0.0,2021-02-01 08:17:38.211429202,20.0,188.22,188.21,188.18607361963194,188.17174224343674,188.2473121714869,188.13365763128397
0.0,2021-02-01 08:17:38.211728774,19.0,188.18,188.2,188.1857391304348,188.17174224343674,188.24721711396367,188.13365763128397
0.0,2021-02-01 08:18:16.364841906,20.0,188.22,188.17000000000002,188.18761643835614,188.18137599999997,188.23579489450282,188.21897175580162
0.0,2021-02-01 08:18:16.364858935,20.0,188.22,188.18,188.18929870129867,188.18137599999997,188.23579415856386,188.21897175580162
0.0,2021-02-01 08:18:16.710146460,20.0,188.26,188.20999999999998,188.19279012345675,188.18137599999997,188.2475635329479,188.21897175580162
0.0,2021-02-01 08:18:16.710210002,20.0,188.26,188.22,188.19595294117644,188.18137599999997,188.24756463614065,188.21897175580162
0.0,2021-02-01 08:18:28.442677436,20.0,188.16,188.19,188.19433707865164,188.18137599999997,188.2031068633058,188.21897175580162
0.0,2021-02-01 08:18:43.528822951,20.0,188.26,188.23,188.19716129032253,188.19480375898286,188.21237474410603,188.23420375070347
0.0,2021-02-01 08:18:45.498871372,20.0,188.26,188.24,188.19975257731954,188.19480375898286,188.24319715314044,188.23420375070347
0.0,2021-02-01 08:18:45.508169921,20.0,188.28,188.24,188.20293069306928,188.19480375898286,188.24387053713298,188.23420375070347
0.0,2021-02-01 08:18:45.508205526,20.0,188.28,188.25,188.20586666666665,188.19480375898286,188.2438730253684,188.23420375070347
0.0,2021-02-01 08:18:46.473509681,20.0,188.26,188.25,188.20785321100914,188.19480375898286,188.2544378967874,188.23420375070347
0.0,2021-02-01 08:19:00.516250180,20.0,188.36,188.32,188.21323893805305,188.20926648096565,188.2631773312295,188.26682423053023
0.0,2021-02-01 08:19:00.516284342,20.0,188.36,188.33,188.21825641025637,188.20926648096565,188.26318370750832,188.26682423053023
0.0,2021-02-01 08:19:00.533646289,20.0,188.38,188.35,188.2236033057851,188.21241818181818,188.2669840760191,188.29850781372093
0.0,2021-02-01 08:19:00.533798788,20.0,188.38,188.36,188.22860799999998,188.21241818181818,188.26701625751932,188.29850781372093
0.0,2021-02-01 08:19:01.218641085,20.0,188.38,188.35,188.23330232558138,188.21241818181818,188.33050999822038,188.29850781372093
0.0,2021-02-01 08:19:01.463139736,20.0,188.38,188.36,188.23771428571428,188.21241818181818,188.35663650981866,188.29850781372093
0.0,2021-02-01 08:19:05.570416164,20.0,188.44,188.39,188.2436204379562,188.21907463989524,188.3723143965725,188.3084632197866
0.0,2021-02-01 08:19:09.131926437,20.0,188.44,188.4,188.2491914893617,188.21907463989524,188.40589092293604,188.3084632197866
0.0,2021-02-01 08:19:09.131958987,20.0,188.44,188.41,188.25445517241377,188.21907463989524,188.40589919443502,188.3084632197866
0.0,2021-02-01 08:19:09.630566301,20.0,188.5,188.45,188.26104697986574,188.21907463989524,188.48030757479287,188.3084632197866
0.0,2021-02-01 08:19:09.630599195,20.0,188.48,188.45,188.26677124183004,188.21907463989524,188.48030755918484,188.3084632197866
0.0,2021-02-01 08:19:09.631022662,20.0,188.48,188.45,188.27220382165603,188.21907463989524,188.48030735301526,188.3084632197866
0.0,2021-02-01 08:19:11.569855190,20.0,188.48,188.45999999999998,188.27736645962733,188.21907463989524,188.48012354430054,188.3084632197866
0.0,2021-02-01 08:19:13.262128206,16.0,188.48,188.51,188.2813154689403,188.21907463989524,188.48005578066358,188.3084632197866
0.0,2021-02-01 08:19:13.262176097,4.0,188.48,188.51,188.2822787878788,188.22088426527958,188.48005577066382,188.39740580577666
0.0,2021-02-01 08:19:15.812194218,20.0,188.38,188.44,188.28459171597635,188.27988395904435,188.41229797527382,188.39928592366786
0.0,2021-02-01 08:19:15.812194218,20.0,188.36,188.44,188.28633526011564,188.27988395904435,188.41229797527382,188.39928592366786
0.0,2021-02-01 08:19:15.812264634,20.0,188.36,188.43,188.28800000000004,188.28431869918697,188.41229346829297,188.39928431109212
0.0,2021-02-01 08:19:18.549359413,20.0,188.34,188.38,188.28914917127074,188.28984021706358,188.37790046053237,188.3992446409801
0.0,2021-02-01 08:19:31.024706790,8.0,188.58,188.55,188.2916976998905,188.2961918437679,188.47165165334997,188.4574049241079
0.0,2021-02-01 08:19:31.024722120,8.0,188.58,188.55,188.29420195439744,188.2961918437679,188.47171739604644,188.4574049241079
0.0,2021-02-01 08:19:31.024739876,4.0,188.58,188.55,188.2954378378379,188.2961918437679,188.4717918050471,188.4574049241079
0.0,2021-02-01 08:19:31.024907306,8.0,188.58,188.56,188.2978778135049,188.2961918437679,188.47251736389066,188.4574049241079
0.0,2021-02-01 08:19:31.024920631,8.0,188.58,188.56,188.3002763018067,188.2961918437679,188.4725734342867,188.4574049241079
0.0,2021-02-01 08:19:31.024937862,4.0,188.58,188.56,188.30146031746042,188.2961918437679,188.47264666890263,188.4574049241079
0.0,2021-02-01 08:19:33.602756220,20.0,188.56,188.56,188.30681865284984,188.2966800458715,188.55638604405175,188.57017959985225
0.0,2021-02-01 08:19:36.911753423,2.0,188.58,188.57,188.30738366080672,188.2966800458715,188.56438891494568,188.57017959985225
0.0,2021-02-01 08:19:36.911851653,2.0,188.58,188.57,188.3079463364294,188.2966800458715,188.56439059272674,188.57017959985225
0.0,2021-02-01 08:19:36.911868078,2.0,188.58,188.57,188.30850669412987,188.2966800458715,188.56439086661592,188.57017959985225
0.0,2021-02-01 08:19:36.911881553,2.0,188.58,188.57,188.30906474820156,188.2966800458715,188.56439108914356,188.57017959985225
0.0,2021-02-01 08:19:36.911897888,2.0,188.58,188.57,188.30962051282063,188.2966800458715,188.56439136301503,188.57017959985225
0.0,2021-02-01 08:19:36.911913906,2.0,188.58,188.57,188.3101740020472,188.2966800458715,188.5643916368769,188.57017959985225
0.0,2021-02-01 08:19:36.912653209,2.0,188.58,188.57,188.3107252298265,188.2966800458715,188.56440427540764,188.57017959985225
0.0,2021-02-01 08:19:36.912718907,2.0,188.58,188.57,188.31127420998993,188.2966800458715,188.5644053860706,188.57017959985225
0.0,2021-02-01 08:19:36.920574048,2.0,188.58,188.57,188.3118209562565,188.2966800458715,188.56453845068626,188.57017959985225
0.0,2021-02-01 08:19:36.920900046,2.0,188.58,188.57,188.31236548223364,188.2966800458715,188.56454390731454,188.57017959985225
0.0,2021-02-01 08:19:39.072527532,2.0,188.56,188.57,188.31286727456953,188.29825591336558,188.5639015187925,188.5658373529036
0.0,2021-02-01 08:19:39.072613407,14.0,188.58,188.54000000000002,188.3166033966035,188.2984050128168,188.5639203637617,188.56107280497883
0.0,2021-02-01 08:19:39.072629430,6.0,188.58,188.54000000000002,188.31817279046686,188.2984050128168,188.5639239060682,188.56107280497883
0.0,2021-02-01 08:19:39.072788792,18.0,188.56,188.54000000000002,188.32241951219524,188.2984050128168,188.56391533458574,188.56107280497883
0.0,2021-02-01 08:19:56.134059452,5.0,188.64,188.66,188.32396116504867,188.32445554971068,188.59868914480168,188.60565947767233
0.0,2021-02-01 08:19:56.134290205,5.0,188.64,188.64999999999998,188.32548792270546,188.33727479182437,188.59875989889693,188.60569892657082
0.0,2021-02-01 08:19:57.658258805,20.0,188.62,188.63,188.33107109004754,188.33765624999998,188.61566684616497,188.60575767484423
0.0,2021-02-01 08:19:57.658360578,20.0,188.64,188.62,188.3368186046513,188.34082232743583,188.61567057915644,188.6170944495241
0.0,2021-02-01 08:19:57.658420692,20.0,188.62,188.61,188.34199086758005,188.34082232743583,188.61567097368464,188.6170944495241
0.0,2021-02-01 08:19:57.658420692,20.0,188.62,188.61,188.34697757847547,188.34082232743583,188.61567097368464,188.6170944495241
0.0,2021-02-01 08:19:57.668308443,20.0,188.62,188.59,188.35178854625565,188.34082232743583,188.61573501772904,188.6170944495241
0.0,2021-02-01 08:19:57.669220520,13.0,188.62,188.60000000000002,188.35482578397227,188.34337283950615,188.61574082996393,188.61714160326943
0.0,2021-02-01 08:20:02.091523868,7.0,188.62,188.64,188.35643290043305,188.34841262135922,188.61738867456614,188.62320343938694
0.0,2021-02-01 08:20:08.862234752,20.0,188.66,188.63,188.36160000000015,188.349266876361,188.65547695769277,188.62267246863794
0.0,2021-02-01 08:20:17.208509474,20.0,188.46,188.43,188.36324686192484,188.3567588051716,188.5994669122085,188.4379505021765
0.0,2021-02-01 08:20:17.208636989,20.0,188.48,188.45,188.36516872428,188.3567588051716,188.59939419082843,188.4379505021765
0.0,2021-02-01 08:20:17.396210275,20.0,188.46,188.45,188.36670445344149,188.3567588051716,188.5334022861613,188.4379505021765
0.0,2021-02-01 08:20:17.396255089,20.0,188.46,188.43,188.36819123505995,188.3567588051716,188.5333941355796,188.4379505021765
0.0,2021-02-01 08:20:54.210071239,6.0,188.5,188.53,188.36881839809695,188.38876114589257,188.51093538577,188.5501245448394
0.0,2021-02-01 08:20:59.971014726,20.0,188.46,188.51,188.37024199843893,188.38888762554478,188.47101945741676,188.52071055377314
0.0,2021-02-01 08:21:00.673614449,20.0,188.42,188.45,188.37100691775578,188.39009314456032,188.449600993434,188.47313307253802
0.0,2021-02-01 08:22:14.794141402,20.0,188.62,188.68,188.37477668433024,188.40439004707466,188.47546231595317,188.45652234974705
0.0,2021-02-01 08:22:14.798962668,20.0,188.6,188.63,188.3781357196124,188.40722325457924,188.47621378620428,188.5437383542663
0.0,2021-02-01 08:22:14.808634529,20.0,188.58,188.60000000000002,188.38110213078636,188.40867079436174,188.47745503714708,188.54405861726357
0.0,2021-02-01 08:22:25.501194025,13.0,188.68,188.74,188.38393013100452,188.40927802572853,188.57089694430255,188.5444884650591
0.0,2021-02-01 08:22:25.501194025,7.0,188.7,188.74,188.38553222302696,188.40927802572853,188.57089694430255,188.5444884650591
0.0,2021-02-01 08:22:52.458456058,20.0,188.52,188.6,188.38745182012866,188.41667007672632,188.5374905812056,188.62832972218857
0.0,2021-02-01 08:22:52.458456058,20.0,188.52,188.6,188.38931738212545,188.41667007672632,188.5374905812056,188.62832972218857
0.0,2021-02-01 08:22:52.458456058,20.0,188.52,188.6,188.39113115891763,188.41667007672632,188.5374905812056,188.62832972218857
0.0,2021-02-01 08:22:57.002540043,20.0,188.5,188.53,188.39262149212888,188.4246594982079,188.51714425263972,188.57013788532186
0.0,2021-02-01 08:22:57.026107871,10.0,188.46,188.5,188.39307953772962,188.4250178359096,188.46555967371606,188.53363661135498
0.0,2021-02-01 08:23:08.458850689,20.0,188.56,188.61,188.39531857813566,188.42969284064662,188.55462665583164,188.6230917639674
0.0,2021-02-01 08:23:08.458850689,20.0,188.56,188.61,188.39749834546677,188.42969284064662,188.5546266558316,188.6230917639674
0.0,2021-02-01 08:23:15.979151371,20.0,188.56,188.57999999999998,188.399621162639,188.43202497162312,188.55748193946621,188.61647132286024
0.0,2021-02-01 08:23:25.250732422,20.0,188.56,188.51999999999998,188.40168923275326,188.43284122876108,188.55802870519844,188.54441274245784
0.0,2021-02-01 08:23:25.250751094,20.0,188.56,188.53,188.40370464672205,188.43284122876108,188.55802884670712,188.54441274245784
0.0,2021-02-01 08:23:25.470417556,20.0,188.6,188.56,188.40617221873055,188.43370929842223,188.57762770337948,188.57947244443776
0.0,2021-02-01 08:23:25.470542276,20.0,188.6,188.57,188.40857852265694,188.43370929842223,188.57763359907142,188.57947244443776
0.0,2021-02-01 08:23:26.986714914,20.0,188.6,188.57999999999998,188.41092581238524,188.4338951603889,188.58933395996638,188.59021495577443
0.0,2021-02-01 08:23:50.327129727,2.0,188.74,188.77,188.41132884262112,188.43889447236174,188.62798044271108,188.70862033354456
0.0,2021-02-01 08:23:58.575169864,20.0,188.76,188.8,188.41554748941337,188.43994336128955,188.68491350236823,188.77546313143338
0.0,2021-02-01 08:24:07.380723640,2.0,188.76,188.79,188.41596374622375,188.4490519618239,188.72872112868748,188.80740827319198
0.0,2021-02-01 08:24:07.380865432,7.0,188.76,188.79,188.4174127557162,188.45052875989438,188.72873270846625,188.80738224815778
0.0,2021-02-01 08:24:08.506248543,20.0,188.74,188.77,188.42124851367439,188.45208862753327,188.73152329097599,188.80736470673358
0.0,2021-02-01 08:24:22.874470070,13.0,188.78,188.79000000000002,188.4240000000002,188.47836563245812,188.75193584107615,188.7717054659477
0.0,2021-02-01 08:24:30.005558252,20.0,188.74,188.77,188.42768513119552,188.4787395118229,188.75037984377417,188.77517011462504
0.0,2021-02-01 08:24:32.407409220,20.0,188.58,188.61,188.42944092219037,188.48677941040555,188.58232438040415,188.7701405388032
0.0,2021-02-01 08:24:33.086611136,13.0,188.54,188.57,188.43026315789493,188.4882796872157,188.55586892582994,188.58263165129503
0.0,2021-02-01 08:24:33.086669281,7.0,188.54,188.57,188.43070085470106,188.48834075015878,188.55585830614243,188.5559876637166
0.0,2021-02-01 08:25:00.011359906,14.0,188.52,188.53,188.4314075749013,188.49158133054675,188.52307289848125,188.58160337856066
0.0,2021-02-01 08:25:00.011937146,20.0,188.5,188.51999999999998,188.43217439910586,188.49161593320565,188.52195752796987,188.57854463170722
0.0,2021-02-01 08:25:00.020975292,20.0,188.48,188.5,188.43270315091232,188.4916355748372,188.5038782842134,188.57474769366306
0.0,2021-02-01 08:25:08.506044475,20.0,188.62,188.59,188.43475123018064,188.49033878332588,188.61518687507683,188.57777950957933
0.0,2021-02-01 08:25:08.506239040,20.0,188.64,188.61,188.4369713358574,188.49033878332588,188.61519638393673,188.57777950957933
0.0,2021-02-01 08:25:08.941905598,20.0,188.62,188.61,188.43892990904249,188.49033878332588,188.61741823454355,188.57777950957933
0.0,2021-02-01 08:25:08.942076971,20.0,188.62,188.59,188.4408470089997,188.49033878332588,188.6174187031702,188.57777950957933
0.0,2021-02-01 08:25:09.676938487,20.0,188.62,188.60000000000002,188.44272393923544,188.49033878332588,188.6185498693199,188.57777950957933
0.0,2021-02-01 08:25:19.082684451,20.0,188.68,188.65,188.44518403317804,188.49182601080128,188.641578847583,188.65599230627745
0.0,2021-02-01 08:25:19.500784193,20.0,188.68,188.64,188.44759363776316,188.49182601080128,188.67365630509335,188.65599230627745
0.0,2021-02-01 08:32:12.056985575,20.0,188.54,188.51999999999998,188.44853224987324,188.4828152492667,188.6033243982553,188.48491812595853
0.0,2021-02-01 08:34:04.172656439,20.0,188.52,188.48000000000002,188.44925087983933,188.48370225970703,188.5475013224904,188.4813239412204
0.0,2021-02-01 08:34:04.172687814,20.0,188.52,188.49,188.44995520159304,188.48370225970703,188.54749638557567,188.4813239412204
0.0,2021-02-01 08:34:04.719441881,20.0,188.56,188.51999999999998,188.45103992114363,188.48370225970703,188.5569987647853,188.4813239412204
0.0,2021-02-01 08:34:04.719536116,20.0,188.56,188.53,188.45210346510515,188.48370225970703,188.55699915686642,188.4813239412204
0.0,2021-02-01 08:34:05.360722943,20.0,188.54,188.53,188.45295311744826,188.48370225970703,188.548988981831,188.4813239412204
0.0,2021-02-01 08:34:08.019127946,20.0,188.5,188.51999999999998,188.45340354236498,188.48370225970703,188.5173397461789,188.4813239412204
0.0,2021-02-01 08:39:56.553849568,20.0,188.18,188.16,188.45081081081102,188.3523794426448,188.1916499424484,188.15052471866883
0.0,2021-02-01 08:39:56.554031234,20.0,188.18,188.17000000000002,188.44826679192127,188.3523794426448,188.19164613644588,188.15052471866883
0.0,2021-02-01 08:39:58.206114766,20.0,188.18,188.16,188.44577012564,188.3523794426448,188.18534967724545,188.15052471866883
0.0,2021-02-01 08:40:00.450505924,20.0,188.18,188.17000000000002,188.44331950207484,188.3523794426448,188.18244757189328,188.15052471866883
0.0,2021-02-01 08:40:06.313923728,20.0,188.18,188.16,188.44091365920525,188.3523794426448,188.18083920002542,188.15052471866883
0.0,2021-02-01 08:40:11.496518539,20.0,188.18,188.17000000000002,188.43855138071535,188.3523794426448,188.1805305844303,188.15052471866883
0.0,2021-02-01 08:40:14.785909162,14.0,188.14,188.14999999999998,188.43667116509235,188.3523794426448,188.16560626017315,188.15052471866883
0.0,2021-02-01 08:40:14.786018633,6.0,188.14,188.14999999999998,188.4358725886049,188.35231115500335,188.16560270925908,188.14741521087493
0.0,2021-02-01 08:40:14.792445387,20.0,188.12,188.14,188.43306358381517,188.35210655530827,188.1652329127691,188.14741418258043
0.0,2021-02-01 08:40:24.635654733,20.0,188.08,188.07,188.42995152049374,188.35120656547184,188.121293816149,188.13731889124864
0.0,2021-02-01 08:40:25.892005816,20.0,188.08,188.06,188.42689384010495,188.35120656547184,188.1094264935851,188.13731889124864
0.0,2021-02-01 08:40:27.752158487,20.0,188.06,188.06,188.42371589432665,188.35120656547184,188.08516251649277,188.13731889124864
0.0,2021-02-01 08:40:27.752552408,20.0,188.04,188.05,188.42042078145136,188.35120656547184,188.08513893155438,188.13731889124864
0.0,2021-02-01 08:40:46.230497847,10.0,188.2,188.18,188.41947840957684,188.34807021497136,188.12975283419556,188.10157424257514
0.0,2021-02-01 08:40:46.230514983,10.0,188.2,188.18,188.41854406130278,188.34807021497136,188.12975801479985,188.10157424257514
0.0,2021-02-01 08:40:46.684479781,20.0,188.2,188.17,188.4166990291263,188.34807021497136,188.1763443661061,188.10157424257514
0.0,2021-02-01 08:40:47.245468037,20.0,188.18,188.17,188.41471745500218,188.34807021497136,188.1779909506779,188.10157424257514
0.0,2021-02-01 08:40:47.335662112,20.0,188.16,188.17000000000002,188.4126027397261,188.34807021497136,188.17315669536916,188.10157424257514
0.0,2021-02-01 08:41:07.777823987,11.0,188.22,188.20999999999998,188.41172727272735,188.34694443200647,188.1997852245061,188.15899179802102
0.0,2021-02-01 08:41:07.777840653,9.0,188.22,188.20999999999998,188.4110168793743,188.34694443200647,188.1997856403202,188.15899179802102
0.0,2021-02-01 08:41:08.150901682,20.0,188.2,188.20999999999998,188.40929358922017,188.34694443200647,188.1998551243475,188.15899179802102
0.0,2021-02-01 08:41:14.949536948,20.0,188.14,188.16,188.4071121911706,188.34676699463327,188.14951222293743,188.19234885653051
0.0,2021-02-01 08:41:23.568609994,20.0,188.22,188.19,188.4056086781841,188.34513503317575,188.17733118840906,188.17629832227792
0.0,2021-02-01 08:41:24.004283678,20.0,188.2,188.19,188.40396970904752,188.34513503317575,188.18716526803235,188.17629832227792
0.0,2021-02-01 08:41:25.677434476,20.0,188.22,188.18,188.40251482799536,188.34492984283906,188.21979240580688,188.17186937360333
0.0,2021-02-01 08:41:25.677480592,20.0,188.16,188.18,188.40061200470782,188.34492984283906,188.21978834598124,188.17186937360333
0.0,2021-02-01 08:41:25.677480592,20.0,188.16,188.18,188.39873880887515,188.34492984283906,188.21978834598124,188.17186937360333
0.0,2021-02-01 08:41:25.678146739,20.0,188.18,188.15,188.3970490536888,188.34474965121686,188.2197492702683,188.17186053150246
0.0,2021-02-01 08:41:25.688620268,20.0,188.16,188.15,188.39523188961297,188.34474965121686,188.21884056152297,188.17186053150246
0.0,2021-02-01 08:41:25.951580801,20.0,188.16,188.13,188.39344237352617,188.3447373782108,188.20258053708145,188.1715418563565
0.0,2021-02-01 08:41:27.085616965,20.0,188.14,188.13,188.3915288788223,188.3447373782108,188.1948540068274,188.1715418563565
0.0,2021-02-01 08:41:29.615987679,20.0,188.12,188.12,188.3894941925816,188.3447373782108,188.13040397127295,188.1715418563565
0.0,2021-02-01 08:41:31.975701281,20.0,188.14,188.13,188.38763852733368,188.3447373782108,188.13394175571645,188.1715418563565
0.0,2021-02-01 08:41:31.975701281,8.0,188.14,188.13,188.38690396737127,188.3447373782108,188.13394175571645,188.1715418563565
0.0,2021-02-01 08:41:31.975715209,12.0,188.14,188.13,188.38581026208945,188.3447373782108,188.13394183643393,188.1715418563565
0.0,2021-02-01 08:41:52.694086573,14.0,188.1,188.07999999999998,188.38434080058772,188.34341504202794,188.11954892427903,188.10059208645882
0.0,2021-02-01 08:41:52.694101828,6.0,188.1,188.07999999999998,188.38371564675717,188.34341504202794,188.11954850181334,188.10059208645882
0.0,2021-02-01 08:42:09.362892735,20.0,188.12,188.09,188.38179701709726,188.34179082937925,188.1197700583958,188.07438985307041
0.0,2021-02-01 08:42:09.362925829,20.0,188.1,188.09,188.379761646804,188.34179082937925,188.11976826074633,188.07438985307041
0.0,2021-02-01 08:42:09.363020470,20.0,188.1,188.07,188.37775546790974,188.34179082937925,188.11976314196053,188.07438985307041
0.0,2021-02-01 08:42:10.941181828,20.0,188.06,188.07,188.37549305802784,188.34179082937925,188.08305105584847,188.07438985307041
0.0,2021-02-01 08:42:10.941181828,20.0,188.06,188.07,188.37326263697426,188.34179082937925,188.08305105584847,188.07438985307041
0.0,2021-02-01 08:42:15.215323844,20.0,188.12,188.09,188.3714847314848,188.34179082937925,188.09138567754786,188.07438985307041
0.0,2021-02-01 08:42:15.215372243,20.0,188.12,188.10000000000002,188.3697316138028,188.34179082937925,188.09139205485712,188.07438985307041
0.0,2021-02-01 08:42:15.262828220,1.0,188.14,188.12,188.36965156794435,188.34153893196464,188.10016851251464,188.10727347197144
0.0,2021-02-01 08:42:15.262844266,1.0,188.14,188.12,188.36957157784752,188.34153893196464,188.1001709371612,188.10727347197144
0.0,2021-02-01 08:42:15.262859650,1.0,188.14,188.12,188.36949164345413,188.34153893196464,188.10017320999927,188.10727347197144
0.0,2021-02-01 08:42:15.262875628,1.0,188.14,188.12,188.36941176470597,188.34153893196464,188.10017548257798,188.10727347197144
0.0,2021-02-01 08:42:15.262891532,1.0,188.14,188.12,188.369331941545,188.34153893196464,188.1001777548887,188.10727347197144
0.0,2021-02-01 08:42:15.262907731,1.0,188.14,188.12,188.36925217391317,188.34153893196464,188.10018017839178,188.10727347197144
0.0,2021-02-01 08:42:15.262920822,1.0,188.14,188.12,188.36917246175256,188.34153893196464,188.10018214727083,188.10727347197144
0.0,2021-02-01 08:42:15.262936182,1.0,188.14,188.12,188.36909280500532,188.34153893196464,188.10018441881243,188.10727347197144
0.0,2021-02-01 08:42:15.262949936,1.0,188.14,188.12,188.36901320361375,188.34153893196464,188.1001863872647,188.10727347197144
0.0,2021-02-01 08:42:15.262962398,1.0,188.14,188.12,188.3689336575201,188.34153893196464,188.10018820412483,188.10727347197144
0.0,2021-02-01 08:42:15.262978983,1.0,188.14,188.12,188.3688541666668,188.34153893196464,188.10019062633785,188.10727347197144
0.0,2021-02-01 08:42:15.262994917,1.0,188.14,188.12,188.36877473099634,188.34153893196464,188.10019289689487,188.10727347197144
0.0,2021-02-01 08:42:15.263013246,1.0,188.14,188.12,188.36869535045122,188.34153893196464,188.1001956212111,188.10727347197144
0.0,2021-02-01 08:42:15.263028043,1.0,188.14,188.12,188.36861602497413,188.34153893196464,188.10019773985786,188.10727347197144
0.0,2021-02-01 08:42:15.263043027,1.0,188.14,188.12,188.36853675450777,188.34153893196464,188.10019985827105,188.10727347197144
0.0,2021-02-01 08:42:15.263078324,1.0,188.14,188.12,188.36845753899496,188.34153893196464,188.10020515329745,188.10727347197144
0.0,2021-02-01 08:42:15.263094120,1.0,188.14,188.12,188.36837837837854,188.34153893196464,188.10020742216324,188.10727347197144
0.0,2021-02-01 08:42:15.265492687,1.0,188.14,188.12,188.3682992726015,188.34153893196464,188.1005668401557,188.10727347197144
0.0,2021-02-01 08:42:15.266491371,1.0,188.14,188.12,188.36822022160683,188.34153893196464,188.10071451659203,188.10727347197144
0.0,2021-02-01 08:42:15.267201717,1.0,188.14,188.12,188.36814122533767,188.34153893196464,188.10081890502326,188.10727347197144
0.0,2021-02-01 08:42:15.270416446,9.0,188.16,188.14,188.36749482401672,188.34153893196464,188.10152229810154,188.10727347197144
0.0,2021-02-01 08:42:15.270433222,9.0,188.16,188.14,188.36685242518075,188.34153893196464,188.10152575791116,188.10727347197144
0.0,2021-02-01 08:42:15.270448612,2.0,188.16,188.14,188.3667102096942,188.34153893196464,188.10152900109887,188.10727347197144
0.0,2021-02-01 08:42:31.189311294,20.0,188.32,188.29,188.36639125981577,188.34083951581417,188.27031989581283,188.18247619227586
0.0,2021-02-01 08:42:31.525443144,20.0,188.3,188.29,188.36594099694824,188.34083951581417,188.2893065834026,188.18247619227586
1.0,2021-02-01 08:44:16.478164635,68.0,188.26,188.23,188.26,,188.26,
1.0,2021-02-01 08:44:18.223192317,34.0,188.28,188.25,188.26666666666668,188.26,188.27218169525446,188.26
1.0,2021-02-01 08:44:18.223354818,20.0,188.28,188.26,188.2688524590164,188.26,188.27218736591792,188.26
1.0,2021-02-01 08:44:18.390439830,20.0,188.3,188.28,188.27323943661972,188.26994535519123,188.28408954261033,188.26856960591917
1.0,2021-02-01 08:44:18.390613717,20.0,188.3,188.29000000000002,188.27654320987654,188.26994535519123,188.28409658926822,188.26856960591917
1.0,2021-02-01 08:44:18.984921495,20.0,188.32,188.29,188.28131868131865,188.26994535519123,188.30576093593777,188.26856960591917
1.0,2021-02-01 08:44:19.344549604,20.0,188.32,188.28,188.28514851485147,188.26994535519123,188.30956947406509,188.26856960591917
1.0,2021-02-01 08:44:23.404019352,20.0,188.34,188.3,188.2900900900901,188.26994535519123,188.31404866297947,188.26856960591917
1.0,2021-02-01 08:44:23.404127789,20.0,188.34,188.31,188.29421487603307,188.26994535519123,188.31405559828545,188.26856960591917
1.0,2021-02-01 08:44:23.489141951,20.0,188.32,188.31,188.2961832061069,188.26994535519123,188.3150887510315,188.26856960591917
1.0,2021-02-01 08:44:23.497975196,20.0,188.32,188.29,188.29787234042556,188.26994535519123,188.31517586614623,188.26856960591917
1.0,2021-02-01 08:44:23.523735940,20.0,188.32,188.3,188.2993377483444,188.26994535519123,188.3154131420359,188.26856960591917
1.0,2021-02-01 08:44:23.811593876,20.0,188.32,188.29,188.3006211180125,188.26994535519123,188.31704001757555,188.26856960591917
1.0,2021-02-01 08:44:23.818555076,20.0,188.32,188.3,188.30175438596495,188.26994535519123,188.3170651893268,188.26856960591917
1.0,2021-02-01 08:44:27.046675399,20.0,188.36,188.34,188.30497237569062,188.26994535519123,188.3264227157899,188.26856960591917
1.0,2021-02-01 08:44:27.725936468,20.0,188.36,188.33,188.30785340314137,188.26994535519123,188.35784110480745,188.26856960591917
1.0,2021-02-01 08:44:27.801648340,20.0,188.36,188.34,188.31044776119404,188.26994535519123,188.35804500018025,188.26856960591917
1.0,2021-02-01 08:44:29.137147831,20.0,188.34,188.35,188.31184834123223,188.26994535519123,188.35272108030404,188.26856960591917
1.0,2021-02-01 08:44:30.680633097,20.0,188.38,188.35,188.31493212669685,188.27981220657273,188.37450331162867,188.31549605795198
1.0,2021-02-01 08:44:34.574372479,10.0,188.38,188.36,188.31637168141597,188.27981220657273,188.37762366994824,188.31549605795198
1.0,2021-02-01 08:44:34.574388523,10.0,188.38,188.36,188.31774891774896,188.27981220657273,188.37762373614265,188.31549605795198
1.0,2021-02-01 08:44:34.705053219,19.0,188.38,188.39999999999998,188.32020790020795,188.27981220657273,188.37806411804448,188.31549605795198
1.0,2021-02-01 08:44:34.705135797,1.0,188.38,188.39999999999998,188.3203319502075,188.28801724137926,188.37806434316778,188.36744077365566
1.0,2021-02-01 08:44:35.761371882,20.0,188.44,188.4,188.32509960159368,188.2988593155893,188.38263900335002,188.36744223416542
1.0,2021-02-01 08:44:46.224103539,20.0,188.36,188.36,188.32643678160923,188.2988593155893,188.37408108198468,188.36744223416542
1.0,2021-02-01 08:45:00.063110527,20.0,188.38,188.36,188.3284132841329,188.2988593155893,188.37875229418248,188.36744223416542
1.0,2021-02-01 08:45:00.939814788,20.0,188.4,188.38,188.33096085409258,188.30691780821914,188.39857318287005,188.37057632319855
1.0,2021-02-01 08:45:00.946900059,20.0,188.4,188.39,188.33333333333337,188.30691780821914,188.3985838587704,188.37057632319855
1.0,2021-02-01 08:45:00.954295052,20.0,188.4,188.38,188.3355481727575,188.30691780821914,188.3985948312257,188.37057632319855
1.0,2021-02-01 08:45:01.180351445,20.0,188.4,188.39,188.33762057877817,188.30691780821914,188.39886394340712,188.37057632319855
1.0,2021-02-01 08:45:12.545613859,15.0,188.42,188.45,188.3395604395605,188.32477528089882,188.41301352984146,188.42965444876836
1.0,2021-02-01 08:45:12.545698809,5.0,188.42,188.45,188.3401869158879,188.3286253369272,188.41301460527984,188.42288515336065
1.0,2021-02-01 08:45:19.903246992,3.0,188.44,188.45999999999998,188.34065116279075,188.35719438877754,188.42369671614603,188.458787357586
1.0,2021-02-01 08:45:46.300584107,20.0,188.42,188.45,188.343037593985,188.37210440456766,188.42256734408494,188.440527937685
1.0,2021-02-01 08:45:48.121905259,2.0,188.4,188.43,188.34320839580215,188.37829545454542,188.4060463074453,188.43079053484644
1.0,2021-02-01 08:45:49.199675662,18.0,188.4,188.42000000000002,188.34470072992704,188.37835694050986,188.40369137402843,188.40824948825997
1.0,2021-02-01 08:45:50.720162331,20.0,188.38,188.39999999999998,188.34570212765962,188.3812745098039,188.3865687743562,188.40503645356873
1.0,2021-02-01 08:46:34.397633033,20.0,188.44,188.43,188.34830344827589,188.38014171833478,188.41246833335094,188.39175268411896
1.0,2021-02-01 08:46:34.397863082,20.0,188.44,188.4,188.35076510067114,188.3828406275805,188.4124842490891,188.3917734887149
1.0,2021-02-01 08:46:34.397921954,20.0,188.44,188.41,188.35309803921567,188.3828406275805,188.4124882597182,188.3917734887149
1.0,2021-02-01 08:46:34.398032826,20.0,188.44,188.42000000000002,188.3553121019108,188.3828406275805,188.41249586287333,188.3917734887149
1.0,2021-02-01 08:46:34.398284364,20.0,188.42,188.42000000000002,188.35691925465835,188.3828406275805,188.41250059201926,188.3917734887149
1.0,2021-02-01 08:46:34.398363283,20.0,188.42,188.39999999999998,188.35844848484845,188.3828406275805,188.4125020604169,188.3917734887149
1.0,2021-02-01 08:46:34.656887592,20.0,188.44,188.42000000000002,188.3603786982248,188.3828406275805,188.42332413077725,188.3917734887149
1.0,2021-02-01 08:46:34.872935599,20.0,188.44,188.41,188.36221965317912,188.3828406275805,188.42745134322013,188.3917734887149
1.0,2021-02-01 08:46:36.169300103,20.0,188.44,188.42000000000002,188.36397740112986,188.3828406275805,188.43063185574763,188.3917734887149
1.0,2021-02-01 08:46:47.533196698,20.0,188.42,188.39,188.3652154696132,188.38560805577072,188.42337581898227,188.39304923832918
1.0,2021-02-01 08:46:47.534948112,20.0,188.42,188.39999999999998,188.3663999999999,188.38560805577072,188.42336476917913,188.39304923832918
1.0,2021-02-01 08:46:50.279867365,20.0,188.42,188.39,188.36753439153432,188.38560805577072,188.4214063778055,188.39304923832918
1.0,2021-02-01 08:46:50.353365714,20.0,188.42,188.39999999999998,188.36862176165795,188.38560805577072,188.42111385886346,188.39304923832918
1.0,2021-02-01 08:46:51.479979620,20.0,188.44,188.45,188.37007106598975,188.38946354883083,188.42609581842768,188.39611283005175
1.0,2021-02-01 08:47:05.189459634,20.0,188.42,188.39999999999998,188.3710646766168,188.40414163090134,188.42245982823542,188.45273973167787
1.0,2021-02-01 08:47:05.584763845,20.0,188.42,188.39,188.372019512195,188.40414163090134,188.42079696663032,188.45273973167787
1.0,2021-02-01 08:47:06.552882850,20.0,188.4,188.39,188.37255502392335,188.40414163090134,188.4078314363858,188.45273973167787
1.0,2021-02-01 08:47:08.227641500,20.0,188.38,188.38,188.37269483568065,188.40414163090134,188.39253421215653,188.45273973167787
1.0,2021-02-01 08:47:08.227706752,20.0,188.38,188.36,188.37282949308747,188.40287649817617,188.3925306341929,188.39416076897828
1.0,2021-02-01 08:47:11.009493112,20.0,188.36,188.36,188.3725972850678,188.40287649817617,188.36733777047223,188.39416076897828
1.0,2021-02-01 08:47:17.023931565,11.0,188.38,188.37,188.37267025089596,188.40137293086661,188.37497711984844,188.3831486831807
1.0,2021-02-01 08:47:17.023950092,9.0,188.38,188.37,188.37272888888882,188.40137293086661,188.3749808950308,188.3831486831807
1.0,2021-02-01 08:47:17.024433544,20.0,188.4,188.39,188.3732052401746,188.40125907990316,188.3754754813567,188.38312420374965
1.0,2021-02-01 08:47:17.031661663,20.0,188.4,188.38,188.37366523605144,188.40125907990316,188.38107426916358,188.38312420374965
1.0,2021-02-01 08:47:17.139192642,20.0,188.42,188.39999999999998,188.3744472573839,188.40125907990316,188.41114578123575,188.38312420374965
1.0,2021-02-01 08:47:17.765175142,20.0,188.42,188.39,188.37520331950202,188.40125907990316,188.41838933834885,188.38312420374965
1.0,2021-02-01 08:47:18.261252385,20.0,188.38,188.39,188.375281632653,188.40125907990316,188.4032900022922,188.38312420374965
1.0,2021-02-01 08:47:18.261252385,20.0,188.38,188.39,188.37535742971883,188.40125907990316,188.4032900022922,188.38312420374965
1.0,2021-02-01 08:47:18.261522027,20.0,188.38,188.36,188.37543083003948,188.40125907990316,188.40326604624042,188.38312420374965
1.0,2021-02-01 08:47:22.340905209,20.0,188.34,188.36,188.37487937743185,188.40125907990316,188.38853394037895,188.38312420374965
1.0,2021-02-01 08:47:22.340905209,20.0,188.34,188.36,188.37434482758616,188.40125907990316,188.38853394037895,188.38312420374965
1.0,2021-02-01 08:47:24.230757577,20.0,188.36,188.35000000000002,188.37412830188674,188.3959486952676,188.36790356093437,188.3430418639273
1.0,2021-02-01 08:47:29.483129998,20.0,188.38,188.37,188.37421561338286,188.3959486952676,188.37422237541222,188.3430418639273
1.0,2021-02-01 08:47:29.963325303,20.0,188.38,188.36,188.37430036630033,188.3959486952676,188.37710238923822,188.3430418639273
1.0,2021-02-01 08:47:31.847864423,20.0,188.38,188.37,188.3743826714801,188.3959486952676,188.378489422984,188.3430418639273
1.0,2021-02-01 08:47:31.848021662,20.0,188.36,188.37,188.37417793594304,188.3959486952676,188.3784859999091,188.3430418639273
1.0,2021-02-01 08:47:31.848154239,20.0,188.38,188.36,188.37425964912276,188.39417998317916,188.3784862355364,188.3531816257379
1.0,2021-02-01 08:47:32.707124074,20.0,188.38,188.37,188.37433910034596,188.39417998317916,188.37924791278374,188.3531816257379
1.0,2021-02-01 08:47:32.714194383,20.0,188.4,188.39,188.37468941979517,188.3935204490778,188.37945334332028,188.36672957955903
1.0,2021-02-01 08:47:32.847610344,18.0,188.42,188.41,188.37523937963581,188.3935204490778,188.38583545134523,188.36672957955903
1.0,2021-02-01 08:47:32.847627083,2.0,188.42,188.41,188.37529966329964,188.3935204490778,188.38583609624376,188.36672957955903
1.0,2021-02-01 08:47:33.870896545,20.0,188.44,188.43,188.3761594684385,188.39371019108282,188.38728327234347,188.37632260494286
1.0,2021-02-01 08:47:34.285454125,20.0,188.42,188.44,188.3767344262295,188.39371019108282,188.39783437648114,188.37632260494286
1.0,2021-02-01 08:47:45.236724419,20.0,188.44,188.42000000000002,188.3775533980582,188.39411211289692,188.43026755695212,188.39042159117264
1.0,2021-02-01 08:47:45.481457563,20.0,188.44,188.41,188.37835143769965,188.39411211289692,188.43521472769513,188.39042159117264
1.0,2021-02-01 08:47:45.481507733,20.0,188.42,188.41,188.3788769716088,188.39411211289692,188.43521314778792,188.39042159117264
1.0,2021-02-01 08:47:48.991982282,20.0,188.44,188.42000000000002,188.37963862928345,188.39411211289692,188.43767646472253,188.39042159117264
1.0,2021-02-01 08:47:48.993635795,20.0,188.44,188.41,188.3803815384615,188.39411211289692,188.43768033012964,188.39042159117264
1.0,2021-02-01 08:47:48.998722564,20.0,188.42,188.41,188.38086322188448,188.39411211289692,188.4375902928129,188.39042159117264
1.0,2021-02-01 08:47:50.091377129,10.0,188.42,188.41,188.3810996978852,188.39451177151682,188.43609693856075,188.41226072247372
1.0,2021-02-01 08:47:50.091396815,10.0,188.42,188.41,188.38133333333332,188.39451177151682,188.43609359222356,188.41226072247372
1.0,2021-02-01 08:47:50.203233886,20.0,188.42,188.39999999999998,188.38179228486646,188.39451177151682,188.42723745629334,188.41226072247372
1.0,2021-02-01 08:47:51.402384014,20.0,188.44,188.43,188.38247507331377,188.39451177151682,188.43355397706878,188.41226072247372
1.0,2021-02-01 08:47:51.402772536,20.0,188.44,188.42000000000002,188.3831420289855,188.39451177151682,188.43356018667842,188.41226072247372
1.0,2021-02-01 08:47:51.403410798,20.0,188.44,188.43,188.38379369627506,188.39451177151682,188.4335703713563,188.41226072247372
1.0,2021-02-01 08:47:51.411728508,20.0,188.46,188.45,188.384657223796,188.39562500000002,188.4341042572113,188.43384770703952
1.0,2021-02-01 08:47:51.418147407,20.0,188.46,188.44,188.38550140056023,188.39562500000002,188.4345017233528,188.43384770703952
1.0,2021-02-01 08:48:20.806014542,20.0,188.42,188.39999999999998,188.38588365650972,188.42188394483478,188.42752325904362,188.44096909837447
1.0,2021-02-01 08:48:24.546775218,20.0,188.42,188.39,188.3862575342466,188.42188394483478,188.4239203219829,188.44096909837447
1.0,2021-02-01 08:48:24.651850424,20.0,188.42,188.39999999999998,188.3866233062331,188.42188394483478,188.42328838544483,188.44096909837447
1.0,2021-02-01 08:48:25.781225900,20.0,188.42,188.39,188.38698123324403,188.42188394483478,188.42274381138878,188.44096909837447
1.0,2021-02-01 08:48:26.648925625,20.0,188.42,188.39999999999998,188.3873315649868,188.42188394483478,188.4212999592778,188.44096909837447
1.0,2021-02-01 08:48:30.351086802,20.0,188.42,188.41,188.3876745406825,188.42188394483478,188.42062436889609,188.44096909837447
1.0,2021-02-01 08:48:30.451563811,20.0,188.42,188.39999999999998,188.38801038961049,188.42188394483478,188.4204854409645,188.44096909837447
1.0,2021-02-01 08:48:31.021227436,20.0,188.42,188.41,188.38833933161962,188.42188394483478,188.4202146509962,188.44096909837447
1.0,2021-02-01 08:48:33.245067888,20.0,188.42,188.39999999999998,188.38866157760825,188.42188394483478,188.42001859245306,188.44096909837447
1.0,2021-02-01 08:48:36.808130370,20.0,188.4,188.39999999999998,188.3887758186399,188.42188394483478,188.40607068475043,188.44096909837447
1.0,2021-02-01 08:48:37.522529195,20.0,188.4,188.37,188.38888778054874,188.42188394483478,188.4032222083715,188.44096909837447
1.0,2021-02-01 08:48:37.690355447,20.0,188.4,188.38,188.3889975308643,188.42188394483478,188.4024388862515,188.44096909837447
1.0,2021-02-01 08:48:37.888121565,20.0,188.4,188.37,188.38910513447442,188.42188394483478,188.40189579721473,188.44096909837447
1.0,2021-02-01 08:48:38.873165717,20.0,188.4,188.38,188.38921065375314,188.42188394483478,188.4008988515791,188.44096909837447
1.0,2021-02-01 08:48:43.146872340,20.0,188.4,188.37,188.38931414868117,188.42188394483478,188.4006843365462,188.44096909837447
1.0,2021-02-01 08:48:44.452193150,20.0,188.4,188.38,188.38941567695971,188.42188394483478,188.40022227256833,188.44096909837447
1.0,2021-02-01 08:48:44.458905608,20.0,188.4,188.37,188.38951529411776,188.42188394483478,188.40021902158287,188.44096909837447
1.0,2021-02-01 08:48:44.460439945,20.0,188.4,188.38,188.38961305361315,188.42188394483478,188.40021829188987,188.44096909837447
1.0,2021-02-01 08:48:44.974382070,20.0,188.4,188.37,188.3897090069285,188.42188394483478,188.4001031527703,188.44096909837447
1.0,2021-02-01 08:48:45.546202273,20.0,188.4,188.38,188.38980320366142,188.42188394483478,188.40006500457417,188.44096909837447
1.0,2021-02-01 08:48:47.379317854,20.0,188.42,188.39999999999998,188.39007709750578,188.42188394483478,188.41210585066986,188.44096909837447
1.0,2021-02-01 08:48:48.253404090,16.0,188.42,188.41,188.3902926609636,188.42185261003073,188.41761099579188,188.4334834461465
1.0,2021-02-01 08:48:48.253422684,4.0,188.42,188.41,188.3903460674158,188.42185261003073,188.41761116547752,188.4334834461465
1.0,2021-02-01 08:48:48.253757565,20.0,188.44,188.43,188.39078841870833,188.42183896367797,188.41764063422204,188.43347780676325
1.0,2021-02-01 08:48:48.271945987,8.0,188.46,188.45,188.39103417665342,188.42183896367797,188.42047367820066,188.43347780676325
1.0,2021-02-01 08:48:48.271963709,8.0,188.46,188.45,188.3912781954888,188.42183896367797,188.42047614894093,188.43347780676325
1.0,2021-02-01 08:48:48.271978566,4.0,188.46,188.45,188.39139955849902,188.42183896367797,188.42047818342883,188.43347780676325
1.0,2021-02-01 08:48:48.647285331,20.0,188.5,188.48000000000002,188.3923501094093,188.42183896367797,188.4665862517421,188.43347780676325
1.0,2021-02-01 08:48:54.676417272,20.0,188.48,188.48000000000002,188.39311062906734,188.42183896367797,188.46716393751606,188.43347780676325
1.0,2021-02-01 08:49:00.102209626,20.0,188.52,188.51,188.39420215053775,188.4275917801894,188.48757492374207,188.4583123238804
1.0,2021-02-01 08:49:40.624303716,20.0,188.42,188.39999999999998,188.3944221748402,188.43813925081443,188.43106316224774,188.44097064146519
1.0,2021-02-01 08:49:41.125242510,20.0,188.42,188.39,188.3946384778014,188.43813925081443,188.42613803210222,188.44097064146519
1.0,2021-02-01 08:49:41.132257007,20.0,188.42,188.39999999999998,188.39485115303998,188.43813925081443,188.4258125107106,188.44097064146519
1.0,2021-02-01 08:49:43.176245510,20.0,188.42,188.39,188.39506029106045,188.43813925081443,188.4243617987974,188.44097064146519
1.0,2021-02-01 08:49:43.528143436,20.0,188.42,188.39999999999998,188.3952659793816,188.43813925081443,188.42145556541433,188.44097064146519
1.0,2021-02-01 08:49:50.016282035,20.0,188.42,188.39999999999998,188.39546830265866,188.43813925081443,188.4207564312278,188.44097064146519
1.0,2021-02-01 08:49:50.074938254,20.0,188.4,188.39999999999998,188.39550507099406,188.43813925081443,188.40450981095375,188.44097064146519
1.0,2021-02-01 08:49:50.075010606,20.0,188.4,188.38,188.39554124748506,188.43813925081443,188.40450548211243,188.44097064146519
1.0,2021-02-01 08:49:50.680129655,20.0,188.4,188.37,188.39557684630753,188.43813925081443,188.4004969001664,188.44097064146519
1.0,2021-02-01 08:49:50.689681304,20.0,188.4,188.36,188.39561188118827,188.43813925081443,188.40049001886857,188.44097064146519
1.0,2021-02-01 08:49:50.691887669,20.0,188.4,188.37,188.39564636542255,188.43813925081443,188.40048845650128,188.44097064146519
1.0,2021-02-01 08:50:00.971876674,20.0,188.38,188.37,188.39552436647188,188.43813925081443,188.39458591086034,188.44097064146519
1.0,2021-02-01 08:50:00.972274625,20.0,188.4,188.39,188.39555899419744,188.43554950398766,188.39458812154953,188.38207055051404
1.0,2021-02-01 08:50:01.366487594,10.0,188.44,188.45,188.39573025048185,188.4348812862218,188.40768881005107,188.38832562403812
1.0,2021-02-01 08:50:01.380731754,10.0,188.44,188.45999999999998,188.39590019193875,188.43504884792637,188.40889764408254,188.3908551275753
1.0,2021-02-01 08:50:18.782327949,20.0,188.44,188.43,188.39623619047637,188.43714427367388,188.42486357869433,188.43064673006916
1.0,2021-02-01 08:50:24.472342550,20.0,188.5,188.47,188.39702079395101,188.4393594750821,188.4600763334915,188.44824524692595
1.0,2021-02-01 08:50:24.472793677,20.0,188.5,188.48000000000002,188.3977936210133,188.4393594750821,188.4601144169098,188.44824524692595
1.0,2021-02-01 08:50:24.479021162,20.0,188.5,188.47,188.39855493482327,188.4393594750821,188.46063290784107,188.44824524692595
1.0,2021-02-01 08:50:34.469644533,20.0,188.5,188.48000000000002,188.39930499075803,188.44023710546583,188.48716854976234,188.4846852103448
1.0,2021-02-01 08:50:35.555363357,20.0,188.48,188.48000000000002,188.39989724770658,188.44023710546583,188.4860621115319,188.4846852103448
1.0,2021-02-01 08:51:04.477327590,20.0,188.42,188.39999999999998,188.40004371584718,188.4401195768819,188.44483434774202,188.42181041855576
1.0,2021-02-01 08:51:10.048050055,20.0,188.38,188.35,188.39989873417738,188.4401195768819,188.40952837577697,188.42181041855576
1.0,2021-02-01 08:51:10.314422998,20.0,188.38,188.36,188.39975583482965,188.4401195768819,188.38451252919987,188.42181041855576
1.0,2021-02-01 08:51:10.314924076,20.0,188.34,188.36,188.39932976827114,188.4401195768819,188.38444171577206,188.42181041855576
1.0,2021-02-01 08:51:10.314924076,20.0,188.34,188.36,188.3989097345135,188.4401195768819,188.38444171577206,188.42181041855576
1.0,2021-02-01 08:51:10.315020893,20.0,188.38,188.35,188.3987768014062,188.43935797961367,188.38444036219224,188.3670441262992
1.0,2021-02-01 08:51:10.315038212,20.0,188.36,188.35,188.39850610820264,188.43935797961367,188.38443904334346,188.3670441262992
1.0,2021-02-01 08:51:12.177837659,20.0,188.36,188.35000000000002,188.3982391681111,188.43935797961367,188.36653675112672,188.3670441262992
1.0,2021-02-01 08:51:12.191914007,20.0,188.36,188.34,188.39797590361462,188.43935797961367,188.36605730831224,188.3670441262992
1.0,2021-02-01 08:51:14.717061007,20.0,188.36,188.33,188.3977162393164,188.43935797961367,188.36162117625616,188.3670441262992
1.0,2021-02-01 08:51:16.348610566,13.0,188.36,188.34,188.3975493533017,188.43935797961367,188.36086198550169,188.3670441262992
2.0,2021-02-01 08:53:03.520479587,23.0,188.68,188.67000000000002,188.68,188.62,188.68,188.62
2.0,2021-02-01 08:53:11.253681756,23.0,188.74,188.71,188.71,188.6851282051282,188.7150903619023,188.6385198409551
2.0,2021-02-01 08:53:44.421645133,42.0,188.66,188.63,188.68613636363636,188.6898214285715,188.69314497087052,188.68182221524256
2.0,2021-02-01 08:53:49.443506189,3.0,188.66,188.63,188.68527472527472,188.67876404494385,188.69151121121857,188.67262700578627
2.0,2021-02-01 08:54:19.028525548,25.0,188.68,188.67000000000002,188.68413793103448,188.65788764044942,188.68496370165306,188.66231595822083
2.0,2021-02-01 08:54:30.180721813,10.0,188.68,188.67000000000002,188.68380952380951,188.6581333333333,188.68078347059642,188.6795004890905
2.0,2021-02-01 08:54:52.976876921,20.0,188.66,188.64,188.6805479452055,188.65841880341878,188.6638449195084,188.665164720406
2.0,2021-02-01 08:55:05.577511419,28.0,188.62,188.65,188.67080459770116,188.65897506925202,188.64715104791074,188.66228858353418
2.0,2021-02-01 08:55:05.577511419,9.0,188.62,188.65,188.66830601092897,188.65897506925202,188.64715104791074,188.66228858353418
2.0,2021-02-01 08:55:05.577511419,19.0,188.6,188.65,188.66188118811883,188.65897506925202,188.64715104791074,188.66228858353418
2.0,2021-02-01 08:55:12.980500265,20.0,188.62,188.64,188.65810810810814,188.6584636118598,188.63599188661078,188.65312874249074
2.0,2021-02-01 08:55:12.980679532,20.0,188.62,188.63,188.65495867768598,188.6584636118598,188.63598896766612,188.65312874249074
2.0,2021-02-01 08:55:14.091361051,20.0,188.64,188.62,188.65381679389316,188.6584636118598,188.63639574917704,188.65312874249074
2.0,2021-02-01 08:55:14.091409916,20.0,188.6,188.63,188.65000000000003,188.6575416133162,188.63637663731762,188.6517934087762
2.0,2021-02-01 08:55:14.091495970,20.0,188.62,188.63,188.64801324503316,188.6575416133162,188.63636124422717,188.6517934087762
2.0,2021-02-01 08:55:14.091527159,20.0,188.62,188.65,188.6462732919255,188.6575416133162,188.63635570264805,188.6517934087762
2.0,2021-02-01 08:55:14.122599511,20.0,188.6,188.63,188.64356725146203,188.6540534262485,188.62714156229876,188.64372346735274
2.0,2021-02-01 08:55:14.122731455,20.0,188.6,188.62,188.6411602209945,188.6540534262485,188.6271125918379,188.64372346735274
2.0,2021-02-01 08:55:14.341144418,20.0,188.62,188.62,188.64005235602093,188.6540534262485,188.62255885511019,188.64372346735274
2.0,2021-02-01 08:55:14.341190173,20.0,188.64,188.63,188.6400497512438,188.6540534262485,188.62256115545256,188.64372346735274
2.0,2021-02-01 08:55:14.341234443,20.0,188.62,188.64,188.63909952606633,188.6536568848758,188.6225608252075,188.6413361986553
2.0,2021-02-01 08:55:14.341396326,20.0,188.62,188.65,188.63823529411764,188.6536568848758,188.62255961753644,188.6413361986553
2.0,2021-02-01 08:55:15.124650164,20.0,188.64,188.65,188.6383116883117,188.6536568848758,188.63470583549932,188.6413361986553
2.0,2021-02-01 08:55:37.190846130,20.0,188.64,188.64999999999998,188.63838174273857,188.6536568848758,188.6365421278786,188.6413361986553
2.0,2021-02-01 08:55:39.051371241,20.0,188.68,188.66,188.64003984063746,188.65370308123246,188.67211148009324,188.65262182644943
2.0,2021-02-01 08:55:39.051371241,20.0,188.68,188.66,188.64157088122607,188.65370308123246,188.67211148009324,188.65262182644943
2.0,2021-02-01 08:55:39.092031996,20.0,188.72,188.72,188.64446494464946,188.65887179487177,188.69326899461996,188.69390156994277
2.0,2021-02-01 08:55:40.207313958,20.0,188.74,188.72,188.6478647686833,188.65887179487177,188.71925493383822,188.69390156994277
2.0,2021-02-01 08:55:43.220093573,20.0,188.76,188.73,188.65171821305842,188.6605025125628,188.7216206772568,188.71956297671576
2.0,2021-02-01 08:55:43.220093573,8.0,188.76,188.73,188.65318644067798,188.6605025125628,188.7216206772568,188.71956297671576
2.0,2021-02-01 08:55:49.616544200,10.0,188.76,188.73,188.6549666666667,188.663925893251,188.74629938174544,188.72191083452316
2.0,2021-02-01 08:56:04.445132196,20.0,188.68,188.7,188.6557741935484,188.67205017640146,188.70828566131297,188.742726343135
2.0,2021-02-01 08:56:35.310719203,20.0,188.68,188.65,188.65653125000003,188.6724775449102,188.68960606582462,188.66588083890832
2.0,2021-02-01 08:56:35.310719203,20.0,188.68,188.65,188.65724242424247,188.6724775449102,188.68960606582462,188.66588083890832
2.0,2021-02-01 08:56:35.720050090,20.0,188.68,188.67,188.65791176470594,188.67300626304805,188.68414525562423,188.67803629329464
2.0,2021-02-01 08:56:35.720506699,20.0,188.7,188.7,188.65911428571437,188.67300626304805,188.68415528991042,188.67803629329464
2.0,2021-02-01 08:56:36.454199186,20.0,188.78,188.78,188.6624722222223,188.67300626304805,188.7325121828748,188.67803629329464
2.0,2021-02-01 08:56:36.497006272,3.0,188.76,188.76999999999998,188.66287690179817,188.6748358413133,188.734879701552,188.73056506958895
2.0,2021-02-01 08:56:36.497094051,3.0,188.76,188.76999999999998,188.6632782369147,188.6748358413133,188.73488409804514,188.73056506958895
2.0,2021-02-01 08:56:36.497108335,3.0,188.76,188.76999999999998,188.66367626886154,188.6748358413133,188.73488480538163,188.73056506958895
2.0,2021-02-01 08:56:36.497125057,3.0,188.76,188.76999999999998,188.66407103825145,188.6748358413133,188.7348856137174,188.73056506958895
2.0,2021-02-01 08:56:36.497141971,3.0,188.76,188.76999999999998,188.6644625850341,188.6748358413133,188.73488642199953,188.73056506958895
2.0,2021-02-01 08:56:36.497157768,3.0,188.76,188.76999999999998,188.66485094850958,188.6748358413133,188.73488717971676,188.73056506958895
2.0,2021-02-01 08:56:36.497175942,2.0,188.76,188.76999999999998,188.66510810810817,188.6748358413133,188.73488808891528,188.73056506958895
2.0,2021-02-01 08:56:56.892006198,20.0,188.74,188.71,188.66707894736848,188.67492312948414,188.73715078458807,188.74123384802974
2.0,2021-02-01 08:56:56.892006198,20.0,188.74,188.71,188.66894871794875,188.67492312948414,188.73715078458807,188.74123384802974
2.0,2021-02-01 08:56:57.249368320,20.0,188.74,188.74,188.67072500000003,188.6777719699445,188.7379657576929,188.7410522078059
2.0,2021-02-01 08:57:33.930465663,20.0,188.6,188.61,188.669,188.67592982456145,188.63697532423507,188.66905170457318
2.0,2021-02-01 08:57:33.931279156,20.0,188.6,188.60000000000002,188.66735714285716,188.6711452054795,188.63694304500308,188.66895789360012
2.0,2021-02-01 08:57:33.931392369,20.0,188.6,188.61,188.66579069767442,188.6711452054795,188.63693856293315,188.66895789360012
2.0,2021-02-01 08:57:37.189697505,20.0,188.64,188.62,188.66520454545454,188.66874770280916,188.63760325696998,188.65858030788232
2.0,2021-02-01 08:58:55.821503717,20.0,188.6,188.63,188.66375555555555,188.65860332749565,188.6086831393646,188.64837841866026
2.0,2021-02-01 08:58:55.821539904,20.0,188.6,188.62,188.6623695652174,188.65860332749565,188.60868275886773,188.64837841866026
2.0,2021-02-01 08:58:56.128737865,20.0,188.6,188.63,188.6610425531915,188.65860332749565,188.606319657597,188.64837841866026
2.0,2021-02-01 08:58:59.181729647,20.0,188.6,188.62,188.65977083333334,188.65860332749565,188.60447687621098,188.64837841866026
2.0,2021-02-01 08:58:59.181729647,20.0,188.6,188.62,188.65855102040817,188.65860332749565,188.60447687621098,188.64837841866026
2.0,2021-02-01 08:59:03.740286839,20.0,188.6,188.63,188.65738000000002,188.65860332749565,188.60109900529926,188.64837841866026
2.0,2021-02-01 08:59:05.889353233,20.0,188.6,188.62,188.65625490196078,188.65860332749565,188.60091479890633,188.64837841866026
2.0,2021-02-01 08:59:09.395249404,20.0,188.6,188.61,188.6551730769231,188.65856269113152,188.60058310678002,188.6430508262316
2.0,2021-02-01 08:59:09.395249404,20.0,188.6,188.61,188.6541320754717,188.65856269113152,188.60058310678005,188.6430508262316
2.0,2021-02-01 08:59:09.758275252,20.0,188.62,188.61,188.6535,188.65856269113152,188.60987897827394,188.6430508262316
2.0,2021-02-01 08:59:11.471465246,20.0,188.6,188.63,188.65252727272727,188.65818732424836,188.60509083623566,188.62541203805813
2.0,2021-02-01 08:59:26.381245201,20.0,188.6,188.62,188.6515892857143,188.65818732424836,188.60173767350724,188.62541203805813
2.0,2021-02-01 08:59:36.644198668,20.0,188.64,188.61,188.65138596491227,188.65818732424836,188.61735584298037,188.62541203805813
2.0,2021-02-01 08:59:36.644198668,2.0,188.64,188.61,188.65136602451838,188.65818732424836,188.61735584298037,188.62541203805813
2.0,2021-02-01 08:59:36.644314703,20.0,188.58,188.62,188.65013769363165,188.65810118406893,188.6173491175673,188.63327229029505
2.0,2021-02-01 08:59:36.644338699,20.0,188.6,188.62,188.6492893401015,188.65810118406893,188.61734849828002,188.63327229029505
2.0,2021-02-01 08:59:36.664698385,18.0,188.66,188.64,188.64944999999997,188.65810118406893,188.61865487084305,188.63327229029505
2.0,2021-02-01 08:59:36.664795222,20.0,188.64,188.65,188.64929508196718,188.6581117533719,188.61865795319997,188.6340965625894
2.0,2021-02-01 08:59:36.664795222,11.0,188.64,188.65,188.6492120227457,188.6581117533719,188.61865795319997,188.6340965625894
2.0,2021-02-01 08:59:36.664810773,9.0,188.64,188.66,188.6491451612903,188.6581117533719,188.61865843473709,188.6340965625894
2.0,2021-02-01 08:59:36.664860269,20.0,188.64,188.67,188.64899999999997,188.6581117533719,188.61866000760696,188.6340965625894
2.0,2021-02-01 08:59:36.664936952,20.0,188.66,188.67,188.64917187499998,188.6581117533719,188.61866473263225,188.6340965625894
2.0,2021-02-01 08:59:36.676316729,4.0,188.7,188.70999999999998,188.6493302180685,188.65855539080707,188.62003319852076,188.63522417404917
2.0,2021-02-01 08:59:36.676370685,4.0,188.7,188.70999999999998,188.64948757763972,188.65855539080707,188.6200394646868,188.63522417404917
2.0,2021-02-01 08:59:36.676384979,4.0,188.7,188.70999999999998,188.64964396284824,188.65855539080707,188.62004111973408,188.63522417404917
2.0,2021-02-01 08:59:36.676414805,4.0,188.7,188.70999999999998,188.649799382716,188.65855539080707,188.62004454782834,188.63522417404917
2.0,2021-02-01 08:59:36.676429815,4.0,188.7,188.70999999999998,188.64995384615378,188.65855539080707,188.6200463208626,188.63522417404917
2.0,2021-02-01 08:59:36.676762419,20.0,188.7,188.72,188.65071212121205,188.6585904761905,188.6200855438992,188.6352627520572
2.0,2021-02-01 08:59:36.677208068,20.0,188.7,188.70999999999998,188.65144776119396,188.65885173501582,188.6201380565474,188.6353037684467
2.0,2021-02-01 08:59:36.685975535,20.0,188.7,188.72,188.65216176470582,188.6594880332987,188.6211587200676,188.63638723492198
2.0,2021-02-01 08:59:37.177226253,20.0,188.74,188.72,188.65343478260863,188.6594880332987,188.6707505812384,188.63638723492198
2.0,2021-02-01 08:59:37.177535057,20.0,188.72,188.73,188.65438571428564,188.66189380173637,188.67083602301847,188.679632939775
2.0,2021-02-01 08:59:37.186189992,20.0,188.72,188.73000000000002,188.65530985915487,188.66189380173637,188.673121147579,188.679632939775
2.0,2021-02-01 08:59:55.020046141,20.0,188.7,188.66,188.6559305555555,188.66189380173637,188.69509379816242,188.679632939775
2.0,2021-02-01 08:59:55.020046141,20.0,188.7,188.66,188.6565342465753,188.66189380173637,188.69509379816242,188.679632939775
2.0,2021-02-01 08:59:55.020046141,20.0,188.7,188.66,188.65712162162157,188.66189380173637,188.69509379816242,188.679632939775
2.0,2021-02-01 08:59:57.285219581,20.0,188.66,188.67000000000002,188.65715999999995,188.66334534420636,188.66246649163614,188.68049370241806
2.0,2021-02-01 08:59:57.285976786,20.0,188.62,188.63,188.65667105263154,188.66312605673497,188.66235407963595,188.6803838758254
2.0,2021-02-01 09:00:07.789838459,20.0,188.66,188.63,188.65671428571426,188.66215446412272,188.66085234077156,188.63874586609862
2.0,2021-02-01 09:00:07.789838459,11.0,188.66,188.63,188.65673758865248,188.66215446412272,188.66085234077156,188.63874586609862
2.0,2021-02-01 09:00:07.789918508,9.0,188.66,188.63,188.6567564102564,188.66214233841686,188.66085225444962,188.64855066799078
2.0,2021-02-01 09:00:07.796328517,20.0,188.7,188.67,188.65730379746833,188.66212881111312,188.6611673721511,188.64855182753718
2.0,2021-02-01 09:00:07.796328517,20.0,188.7,188.67,188.6578375,188.66212881111312,188.6611673721511,188.64855182753718
2.0,2021-02-01 09:00:31.065260206,20.0,188.6,188.61,188.65712345679012,188.66250089317617,188.64572530354621,188.6489659568727
2.0,2021-02-01 09:00:31.548851427,20.0,188.54,188.57,188.6556951219512,188.6619364007817,188.5525710499014,188.60574525137037
2.0,2021-02-01 09:00:31.549098431,20.0,188.54,188.56,188.65430120481926,188.6619364007817,188.55256539508326,188.60574525137037
2.0,2021-02-01 09:00:31.938981541,20.0,188.48,188.51999999999998,188.65222619047614,188.66191119005333,188.52243484512402,188.57011593558016
2.0,2021-02-01 09:00:31.939153951,20.0,188.48,188.51,188.65019999999996,188.66191119005333,188.5224270734475,188.57011593558016
2.0,2021-02-01 09:00:38.116813176,20.0,188.5,188.51999999999998,188.64845348837204,188.66191119005333,188.51885944394348,188.57011593558016
2.0,2021-02-01 09:00:38.116901662,20.0,188.52,188.53,188.64697701149422,188.66191119005333,188.5188603025241,188.57011593558016
2.0,2021-02-01 09:00:46.420001681,20.0,188.54,188.55,188.64576136363632,188.66191119005333,188.53411608121257,188.57011593558016
2.0,2021-02-01 09:01:08.477460036,20.0,188.58,188.56,188.64502247191007,188.66191119005333,188.53963780811623,188.57011593558016
2.0,2021-02-01 09:01:08.549054743,20.0,188.56,188.57,188.64407777777774,188.66094786729866,188.54229293997162,188.57424544711245
2.0,2021-02-01 09:01:17.562647253,20.0,188.54,188.55,188.642934065934,188.66094786729866,188.5422375487663,188.57424544711245
2.0,2021-02-01 09:01:19.415921747,15.0,188.56,188.55,188.64225613079014,188.66094786729866,188.55294170373963,188.57424544711245
2.0,2021-02-01 09:01:19.416046646,20.0,188.56,188.56,188.64136927223717,188.6606827731093,188.5529438074273,188.56524276158342
2.0,2021-02-01 09:01:21.257455091,20.0,188.58,188.57,188.6407146666666,188.66059811122776,188.5710480855005,188.57511865253008
2.0,2021-02-01 09:01:25.335604419,20.0,188.6,188.60000000000002,188.64028496042212,188.66059811122776,188.57778985009872,188.57511865253008
2.0,2021-02-01 09:01:25.401786999,20.0,188.58,188.59,188.63965535248036,188.65357142857147,188.57815390494576,188.5840477772339
2.0,2021-02-01 09:01:26.696606495,20.0,188.56,188.57,188.63883204134362,188.65357142857147,188.5704707615543,188.5840477772339
2.0,2021-02-01 09:01:26.994078511,20.0,188.54,188.57,188.63782097186694,188.65357142857147,188.56135256521452,188.5840477772339
2.0,2021-02-01 09:01:27.521925184,9.0,188.52,188.55,188.63728105906307,188.65151965993627,188.54701033384276,188.5738930941251
2.0,2021-02-01 09:01:27.521940615,9.0,188.52,188.55,188.63674607197154,188.65151965993627,188.54700955759452,188.5738930941251
2.0,2021-02-01 09:01:27.521954693,2.0,188.52,188.55,188.6366278481012,188.65151965993627,188.54700883313643,188.5738930941251
2.0,2021-02-01 09:01:27.810136070,20.0,188.54,188.55,188.6356591478696,188.65151965993627,188.54451565293544,188.5738930941251
2.0,2021-02-01 09:01:37.885855397,20.0,188.54,188.55,188.63470967741927,188.65151965993627,188.54412967472837,188.5738930941251
2.0,2021-02-01 09:01:37.885855397,8.0,188.54,188.55,188.63433514582294,188.65151965993627,188.54412967472837,188.5738930941251
2.0,2021-02-01 09:01:37.885886309,12.0,188.54,188.55,188.63377886977878,188.65151965993627,188.54412953487923,188.5738930941251
2.0,2021-02-01 09:01:37.886263289,9.0,188.52,188.53,188.63327788649698,188.6510476190477,188.54411929783296,188.55995928906648
2.0,2021-02-01 09:01:37.886278280,9.0,188.52,188.53,188.63278129566478,188.6510476190477,188.54411891683452,188.55995928906648
2.0,2021-02-01 09:01:37.886293618,2.0,188.52,188.53,188.63267153284662,188.6510476190477,188.5441185086357,188.55995928906648
2.0,2021-02-01 09:01:37.949956127,9.0,188.52,188.53,188.63218023255803,188.6510476190477,188.5425021873397,188.55995928906648
2.0,2021-02-01 09:01:37.949999348,9.0,188.52,188.53,188.63169319826326,188.6510476190477,188.54250116881857,188.55995928906648
2.0,2021-02-01 09:01:37.950091678,2.0,188.52,188.53,188.63158554216855,188.6510476190477,188.54249898996673,188.55995928906648
2.0,2021-02-01 09:01:39.833948345,20.0,188.5,188.51,188.63032935560847,188.65086956521745,188.52201694371564,188.5393078723308
2.0,2021-02-01 09:01:39.938932362,20.0,188.48,188.51,188.6289078014183,188.65086956521745,188.51731893915402,188.5393078723308
2.0,2021-02-01 09:01:39.947535698,20.0,188.48,188.5,188.6275128805619,188.65086956521745,188.51698010751872,188.5393078723308
2.0,2021-02-01 09:01:58.206815046,20.0,188.5,188.5,188.62632946635716,188.65086956521745,188.51333200159905,188.5393078723308
2.0,2021-02-01 09:02:01.154336083,20.0,188.52,188.51,188.6253517241378,188.65086956521745,188.5188053373634,188.5393078723308
2.0,2021-02-01 09:02:01.154419729,20.0,188.5,188.51999999999998,188.62420956719805,188.6493657663036,188.51879522952046,188.5339457053518
2.0,2021-02-01 09:02:01.154524934,20.0,188.52,188.51999999999998,188.62326862302473,188.6493657663036,188.51879604816935,188.5339457053518
2.0,2021-02-01 09:02:01.161417323,20.0,188.54,188.53,188.62252348993277,188.6493657663036,188.51970139606559,188.5339457053518
2.0,2021-02-01 09:02:01.161502014,20.0,188.52,188.54000000000002,188.62161419068727,188.6489916716241,188.51970155137565,188.53421129361328
2.0,2021-02-01 09:02:02.319497879,20.0,188.54,188.54000000000002,188.6208967032966,188.6489916716241,188.52973937141903,188.53421129361328
2.0,2021-02-01 09:02:02.745739738,20.0,188.56,188.55,188.62036601307182,188.6489916716241,188.54703541987976,188.53421129361328
2.0,2021-02-01 09:02:02.745830921,20.0,188.54,188.56,188.6196717062634,188.6485832716507,188.54703456147607,188.55441797248255
2.0,2021-02-01 09:02:02.745862807,20.0,188.56,188.56,188.61916059957164,188.6485832716507,188.54703510035478,188.55441797248255
2.0,2021-02-01 09:02:13.705148426,20.0,188.58,188.56,188.6188280254776,188.6485832716507,188.5655805593423,188.55441797248255
2.0,2021-02-01 09:02:45.428502660,20.0,188.5,188.51,188.61782736842093,188.63659346405234,188.53237237347872,188.5407182360901
2.0,2021-02-01 09:02:49.949430702,20.0,188.46,188.45999999999998,188.61650939457192,188.63583496030202,188.49266349997407,188.4845351899442
2.0,2021-02-01 09:02:49.949512579,20.0,188.48,188.47,188.61537888198745,188.63539000648933,188.492662419688,188.48195404458954
2.0,2021-02-01 09:02:49.949581570,20.0,188.48,188.48000000000002,188.6142669404516,188.63369448010275,188.49266151292443,188.4819539540399
2.0,2021-02-01 09:02:49.949598532,20.0,188.5,188.49,188.61333604887972,188.63369448010275,188.49266163657248,188.4819539540399
2.0,2021-02-01 09:02:49.950201720,20.0,188.5,188.5,188.61242020202008,188.63193311375733,188.4926662935168,188.48195556937137
2.0,2021-02-01 09:02:49.951573813,20.0,188.58,188.51,188.61216032064115,188.63193311375733,188.4927922132784,188.48195556937137
2.0,2021-02-01 09:02:49.951683157,20.0,188.58,188.59,188.61190457256447,188.62192102686834,188.49280220153994,188.48212074452036
2.0,2021-02-01 09:02:49.968969791,20.0,188.54,188.55,188.61133727810636,188.62132761394108,188.49364419044176,188.48216618774438
2.0,2021-02-01 09:02:52.687092531,20.0,188.54,188.5,188.6107788649705,188.62094567189675,188.51337586269392,188.49033712583616
2.0,2021-02-01 09:02:52.687092531,20.0,188.54,188.5,188.61022912621345,188.62094567189675,188.51337586269392,188.49033712583616
2.0,2021-02-01 09:02:56.321345204,20.0,188.52,188.5,188.60953371868965,188.6184938885437,188.5165554830915,188.5263316566849
2.0,2021-02-01 09:02:56.321345204,12.0,188.52,188.5,188.60912159570373,188.6184938885437,188.5165554830915,188.5263316566849
2.0,2021-02-01 09:02:56.321390889,20.0,188.52,188.51,188.60844309097817,188.61796620647033,188.51655596538174,188.52632988335446
2.0,2021-02-01 09:03:08.104802997,20.0,188.48,188.48000000000002,188.60747261050233,188.61647333198144,188.49063423284355,188.50246486481984
2.0,2021-02-01 09:03:11.048924074,20.0,188.5,188.49,188.60666666666654,188.6148056891027,188.49906422956735,188.49788203221462
2.0,2021-02-01 09:03:21.787946412,20.0,188.5,188.51,188.60587272050603,188.61334124394358,188.49994189749975,188.4987286846336
2.0,2021-02-01 09:03:23.863927896,20.0,188.46,188.47,188.60479497598806,188.6129468599035,188.49642907139994,188.48106483072104
2.0,2021-02-01 09:03:27.194794715,20.0,188.46,188.45999999999998,188.60373303997054,188.6129468599035,188.48634101335324,188.48106483072104
2.0,2021-02-01 09:03:27.194845327,20.0,188.46,188.47,188.60268656716406,188.6129468599035,188.48633425383963,188.48106483072104
2.0,2021-02-01 09:03:29.326865241,20.0,188.44,188.45,188.60151066136598,188.6129468599035,188.46762004285998,188.48106483072104
2.0,2021-02-01 09:03:29.330481046,20.0,188.42,188.43,188.60020810907776,188.6120003924263,188.46709914460612,188.45963847205616
2.0,2021-02-01 09:03:29.330924942,20.0,188.42,188.44,188.59892411827562,188.6120003924263,188.467036094114,188.45963847205616
2.0,2021-02-01 09:03:29.377271618,20.0,188.42,188.45,188.59765829501228,188.6120003924263,188.46125791186304,188.45963847205616
2.0,2021-02-01 09:03:29.386031370,20.0,188.42,188.44,188.59641025641017,188.6120003924263,188.46032177205524,188.45963847205616
2.0,2021-02-01 09:03:32.191507958,20.0,188.46,188.44,188.5954586675967,188.6120003924263,188.4601042494826,188.45963847205616
2.0,2021-02-01 09:03:32.191668864,20.0,188.44,188.45,188.59438171111873,188.61005714285727,188.46008746683395,188.4598998094252
2.0,2021-02-01 09:03:32.191943133,20.0,188.46,188.45999999999998,188.5934571723425,188.61005714285727,188.46008734197378,188.4598998094252
2.0,2021-02-01 09:03:32.241910967,20.0,188.48,188.48000000000002,188.59268192688748,188.61005714285727,188.46420034178195,188.4598998094252
2.0,2021-02-01 09:03:32.517655739,11.0,188.5,188.5,188.59233492171535,188.61005714285727,188.48327010837446,188.4598998094252
